CREATE DATABASE  IF NOT EXISTS `enrolments` /*!40100 DEFAULT CHARACTER SET utf8mb3 */ /*!80016 DEFAULT ENCRYPTION='N' */;
USE `enrolments`;
-- MySQL dump 10.13  Distrib 8.0.30, for Win64 (x86_64)
--
-- Host: 127.0.0.1    Database: enrolments
-- ------------------------------------------------------
-- Server version	8.0.30

/*!40101 SET @OLD_CHARACTER_SET_CLIENT=@@CHARACTER_SET_CLIENT */;
/*!40101 SET @OLD_CHARACTER_SET_RESULTS=@@CHARACTER_SET_RESULTS */;
/*!40101 SET @OLD_COLLATION_CONNECTION=@@COLLATION_CONNECTION */;
/*!50503 SET NAMES utf8 */;
/*!40103 SET @OLD_TIME_ZONE=@@TIME_ZONE */;
/*!40103 SET TIME_ZONE='+00:00' */;
/*!40014 SET @OLD_UNIQUE_CHECKS=@@UNIQUE_CHECKS, UNIQUE_CHECKS=0 */;
/*!40014 SET @OLD_FOREIGN_KEY_CHECKS=@@FOREIGN_KEY_CHECKS, FOREIGN_KEY_CHECKS=0 */;
/*!40101 SET @OLD_SQL_MODE=@@SQL_MODE, SQL_MODE='NO_AUTO_VALUE_ON_ZERO' */;
/*!40111 SET @OLD_SQL_NOTES=@@SQL_NOTES, SQL_NOTES=0 */;

--
-- Table structure for table `courses`
--

DROP TABLE IF EXISTS `courses`;
/*!40101 SET @saved_cs_client     = @@character_set_client */;
/*!50503 SET character_set_client = utf8mb4 */;
CREATE TABLE `courses` (
  `ID` varchar(20) NOT NULL,
  `Description` varchar(45) DEFAULT NULL,
  PRIMARY KEY (`ID`)
) ENGINE=InnoDB DEFAULT CHARSET=utf8mb3;
/*!40101 SET character_set_client = @saved_cs_client */;

--
-- Dumping data for table `courses`
--

LOCK TABLES `courses` WRITE;
/*!40000 ALTER TABLE `courses` DISABLE KEYS */;
INSERT INTO `courses` VALUES ('CHE001','PHYSICS LEVEL 1'),('CHE002','PHYSICS LEVEL 2'),('CHE003','PHYSICS LEVEL 3'),('ENG001','ENGLISH LEVEL 1'),('ENG002','ENGLISH LEVEL 2'),('ENG003','ENGLISH LEVEL 3'),('HIS001','HISTORY LEVEL 1'),('HIS002','HISTORY LEVEL 2'),('HIS003','HISTORY LEVEL 3'),('MAT001','MATH LEVEL 1'),('MAT002','MATH LEVEL 2'),('MAT003','MATH LEVEL 3'),('PHY001','PHYSICS LEVEL 1'),('PHY002','PHYSICS LEVEL 2'),('PHY003','PHYSICS LEVEL 3');
/*!40000 ALTER TABLE `courses` ENABLE KEYS */;
UNLOCK TABLES;

--
-- Table structure for table `enrolments`
--

DROP TABLE IF EXISTS `enrolments`;
/*!40101 SET @saved_cs_client     = @@character_set_client */;
/*!50503 SET character_set_client = utf8mb4 */;
CREATE TABLE `enrolments` (
  `ID` int NOT NULL,
  `Users_ID` int NOT NULL,
  `Courses_ID` varchar(20) NOT NULL,
  `CompletionStatus` varchar(45) NOT NULL,
  PRIMARY KEY (`ID`),
  KEY `fk_Enrolments_Users_idx` (`Users_ID`),
  KEY `fk_Enrolments_Courses1_idx` (`Courses_ID`),
  CONSTRAINT `fk_Enrolments_Courses1` FOREIGN KEY (`Courses_ID`) REFERENCES `courses` (`ID`),
  CONSTRAINT `fk_Enrolments_Users` FOREIGN KEY (`Users_ID`) REFERENCES `users` (`ID`)
) ENGINE=InnoDB DEFAULT CHARSET=utf8mb3;
/*!40101 SET character_set_client = @saved_cs_client */;

--
-- Dumping data for table `enrolments`
--

LOCK TABLES `enrolments` WRITE;
/*!40000 ALTER TABLE `enrolments` DISABLE KEYS */;
INSERT INTO `enrolments` VALUES (1,1,'MAT001','COMPLETED'),(2,2,'MAT001','COMPLETED'),(3,3,'MAT001','COMPLETED'),(4,4,'MAT001','COMPLETED'),(5,5,'MAT001','COMPLETED'),(6,6,'MAT001','COMPLETED'),(7,7,'MAT001','COMPLETED'),(8,8,'MAT001','COMPLETED'),(9,9,'MAT001','COMPLETED'),(10,10,'MAT001','COMPLETED'),(11,11,'MAT001','COMPLETED'),(12,12,'MAT001','COMPLETED'),(13,13,'MAT001','IN PROGRESS'),(14,14,'MAT001','IN PROGRESS'),(15,15,'MAT001','IN PROGRESS'),(16,16,'MAT001','IN PROGRESS'),(17,17,'MAT001','NOT STARTED'),(18,18,'MAT001','NOT STARTED'),(19,19,'MAT001','NOT STARTED'),(20,20,'MAT001','NOT STARTED'),(21,1,'MAT002','COMPLETED'),(22,2,'MAT002','COMPLETED'),(23,3,'MAT002','COMPLETED'),(24,4,'MAT002','COMPLETED'),(25,5,'MAT002','COMPLETED'),(26,6,'MAT002','COMPLETED'),(27,7,'MAT002','COMPLETED'),(28,8,'MAT002','COMPLETED'),(29,9,'MAT002','COMPLETED'),(30,10,'MAT002','IN PROGRESS'),(31,11,'MAT002','IN PROGRESS'),(32,12,'MAT002','IN PROGRESS'),(33,13,'MAT002','NOT STARTED'),(34,14,'MAT002','NOT STARTED'),(35,15,'MAT002','NOT STARTED'),(36,16,'MAT002','NOT STARTED'),(37,17,'MAT002','NOT STARTED'),(38,18,'MAT002','NOT STARTED'),(39,19,'MAT002','NOT STARTED'),(40,20,'MAT002','NOT STARTED'),(41,1,'MAT003','COMPLETED'),(42,2,'MAT003','COMPLETED'),(43,3,'MAT003','COMPLETED'),(44,4,'MAT003','COMPLETED'),(45,5,'MAT003','IN PROGRESS'),(46,6,'MAT003','IN PROGRESS'),(47,7,'MAT003','IN PROGRESS'),(48,8,'MAT003','IN PROGRESS'),(49,9,'MAT003','IN PROGRESS'),(50,10,'MAT003','NOT STARTED'),(51,11,'MAT003','NOT STARTED'),(52,12,'MAT003','NOT STARTED'),(53,13,'MAT003','NOT STARTED'),(54,14,'MAT003','NOT STARTED'),(55,15,'MAT003','NOT STARTED'),(56,16,'MAT003','NOT STARTED'),(57,17,'MAT003','NOT STARTED'),(58,18,'MAT003','NOT STARTED'),(59,19,'MAT003','NOT STARTED'),(60,20,'MAT003','NOT STARTED'),(61,1,'ENG001','NOT STARTED'),(62,2,'ENG001','COMPLETED'),(63,3,'ENG001','NOT STARTED'),(64,4,'ENG001','COMPLETED'),(65,5,'ENG001','NOT STARTED'),(66,6,'ENG001','COMPLETED'),(67,7,'ENG001','NOT STARTED'),(68,8,'ENG001','COMPLETED'),(69,9,'ENG001','IN PROGRESS'),(70,10,'ENG001','COMPLETED'),(71,11,'ENG001','IN PROGRESS'),(72,12,'ENG001','COMPLETED'),(73,13,'ENG001','IN PROGRESS'),(74,14,'ENG001','COMPLETED'),(75,15,'ENG001','IN PROGRESS'),(76,16,'ENG001','COMPLETED'),(77,17,'ENG001','IN PROGRESS'),(78,18,'ENG001','COMPLETED'),(79,19,'ENG001','IN PROGRESS'),(80,20,'ENG001','COMPLETED'),(81,1,'ENG002','NOT STARTED'),(82,2,'ENG002','IN PROGRESS'),(83,3,'ENG002','NOT STARTED'),(84,4,'ENG002','COMPLETED'),(85,5,'ENG002','NOT STARTED'),(86,6,'ENG002','IN PROGRESS'),(87,7,'ENG002','NOT STARTED'),(88,8,'ENG002','COMPLETED'),(89,9,'ENG002','NOT STARTED'),(90,10,'ENG002','IN PROGRESS'),(91,11,'ENG002','NOT STARTED'),(92,12,'ENG002','COMPLETED'),(93,13,'ENG002','NOT STARTED'),(94,14,'ENG002','IN PROGRESS'),(95,15,'ENG002','NOT STARTED'),(96,16,'ENG002','COMPLETED'),(97,17,'ENG002','NOT STARTED'),(98,18,'ENG002','IN PROGRESS'),(99,19,'ENG002','NOT STARTED'),(100,20,'ENG002','COMPLETED'),(101,1,'ENG003','NOT STARTED'),(102,2,'ENG003','NOT STARTED'),(103,3,'ENG003','NOT STARTED'),(104,4,'ENG003','COMPLETED'),(105,5,'ENG003','NOT STARTED'),(106,6,'ENG003','NOT STARTED'),(107,7,'ENG003','NOT STARTED'),(108,8,'ENG003','IN PROGRESS'),(109,9,'ENG003','NOT STARTED'),(110,10,'ENG003','NOT STARTED'),(111,11,'ENG003','NOT STARTED'),(112,12,'ENG003','IN PROGRESS'),(113,13,'ENG003','NOT STARTED'),(114,14,'ENG003','NOT STARTED'),(115,15,'ENG003','NOT STARTED'),(116,16,'ENG003','COMPLETED'),(117,17,'ENG003','NOT STARTED'),(118,18,'ENG003','NOT STARTED'),(119,19,'ENG003','NOT STARTED'),(120,20,'ENG003','IN PROGRESS'),(121,1,'CHE001','NOT STARTED'),(122,2,'CHE001','NOT STARTED'),(123,3,'CHE001','NOT STARTED'),(124,4,'CHE001','NOT STARTED'),(125,5,'CHE001','NOT STARTED'),(126,6,'CHE001','NOT STARTED'),(127,7,'CHE001','NOT STARTED'),(128,8,'CHE001','NOT STARTED'),(129,9,'CHE001','NOT STARTED'),(130,10,'CHE001','NOT STARTED'),(131,11,'CHE001','NOT STARTED'),(132,12,'CHE001','NOT STARTED'),(133,13,'CHE001','NOT STARTED'),(134,14,'CHE001','NOT STARTED'),(135,15,'CHE001','NOT STARTED'),(136,16,'CHE001','NOT STARTED'),(137,17,'CHE001','NOT STARTED'),(138,18,'CHE001','NOT STARTED'),(139,19,'CHE001','NOT STARTED'),(140,20,'CHE001','NOT STARTED'),(141,1,'CHE002','NOT STARTED'),(142,2,'CHE002','NOT STARTED'),(143,3,'CHE002','NOT STARTED'),(144,4,'CHE002','NOT STARTED'),(145,5,'CHE002','NOT STARTED'),(146,6,'CHE002','NOT STARTED'),(147,7,'CHE002','NOT STARTED'),(148,8,'CHE002','NOT STARTED'),(149,9,'CHE002','NOT STARTED'),(150,10,'CHE002','NOT STARTED'),(151,11,'CHE002','NOT STARTED'),(152,12,'CHE002','NOT STARTED'),(153,13,'CHE002','NOT STARTED'),(154,14,'CHE002','NOT STARTED'),(155,15,'CHE002','NOT STARTED'),(156,16,'CHE002','NOT STARTED'),(157,17,'CHE002','NOT STARTED'),(158,18,'CHE002','NOT STARTED'),(159,19,'CHE002','NOT STARTED'),(160,20,'CHE002','NOT STARTED'),(161,1,'CHE003','NOT STARTED'),(162,2,'CHE003','NOT STARTED'),(163,3,'CHE003','NOT STARTED'),(164,4,'CHE003','NOT STARTED'),(165,5,'CHE003','NOT STARTED'),(166,6,'CHE003','NOT STARTED'),(167,7,'CHE003','NOT STARTED'),(168,8,'CHE003','NOT STARTED'),(169,9,'CHE003','NOT STARTED'),(170,10,'CHE003','NOT STARTED'),(171,11,'CHE003','NOT STARTED'),(172,12,'CHE003','NOT STARTED'),(173,13,'CHE003','NOT STARTED'),(174,14,'CHE003','NOT STARTED'),(175,15,'CHE003','NOT STARTED'),(176,16,'CHE003','NOT STARTED'),(177,17,'CHE003','NOT STARTED'),(178,18,'CHE003','NOT STARTED'),(179,19,'CHE003','NOT STARTED'),(180,20,'CHE003','NOT STARTED'),(181,1,'PHY001','NOT STARTED'),(182,2,'PHY001','NOT STARTED'),(183,3,'PHY001','NOT STARTED'),(184,4,'PHY001','NOT STARTED'),(185,5,'PHY001','NOT STARTED'),(186,6,'PHY001','NOT STARTED'),(187,7,'PHY001','NOT STARTED'),(188,8,'PHY001','NOT STARTED'),(189,9,'PHY001','NOT STARTED'),(190,10,'PHY001','NOT STARTED'),(191,11,'PHY001','NOT STARTED'),(192,12,'PHY001','NOT STARTED'),(193,13,'PHY001','NOT STARTED'),(194,14,'PHY001','NOT STARTED'),(195,15,'PHY001','NOT STARTED'),(196,16,'PHY001','NOT STARTED'),(197,17,'PHY001','NOT STARTED'),(198,18,'PHY001','NOT STARTED'),(199,19,'PHY001','NOT STARTED'),(200,20,'PHY001','NOT STARTED'),(201,1,'PHY002','NOT STARTED'),(202,2,'PHY002','NOT STARTED'),(203,3,'PHY002','NOT STARTED'),(204,4,'PHY002','NOT STARTED'),(205,5,'PHY002','NOT STARTED'),(206,6,'PHY002','NOT STARTED'),(207,7,'PHY002','NOT STARTED'),(208,8,'PHY002','NOT STARTED'),(209,9,'PHY002','NOT STARTED'),(210,10,'PHY002','NOT STARTED'),(211,11,'PHY002','NOT STARTED'),(212,12,'PHY002','NOT STARTED'),(213,13,'PHY002','NOT STARTED'),(214,14,'PHY002','NOT STARTED'),(215,15,'PHY002','NOT STARTED'),(216,16,'PHY002','NOT STARTED'),(217,17,'PHY002','NOT STARTED'),(218,18,'PHY002','NOT STARTED'),(219,19,'PHY002','NOT STARTED'),(220,20,'PHY002','NOT STARTED'),(221,1,'PHY003','NOT STARTED'),(222,2,'PHY003','NOT STARTED'),(223,3,'PHY003','NOT STARTED'),(224,4,'PHY003','NOT STARTED'),(225,5,'PHY003','NOT STARTED'),(226,6,'PHY003','NOT STARTED'),(227,7,'PHY003','NOT STARTED'),(228,8,'PHY003','NOT STARTED'),(229,9,'PHY003','NOT STARTED'),(230,10,'PHY003','NOT STARTED'),(231,11,'PHY003','NOT STARTED'),(232,12,'PHY003','NOT STARTED'),(233,13,'PHY003','NOT STARTED'),(234,14,'PHY003','NOT STARTED'),(235,15,'PHY003','NOT STARTED'),(236,16,'PHY003','NOT STARTED'),(237,17,'PHY003','NOT STARTED'),(238,18,'PHY003','NOT STARTED'),(239,19,'PHY003','NOT STARTED'),(240,20,'PHY003','NOT STARTED'),(241,1,'HIS001','NOT STARTED'),(242,2,'HIS001','NOT STARTED'),(243,3,'HIS001','NOT STARTED'),(244,4,'HIS001','NOT STARTED'),(245,5,'HIS001','NOT STARTED'),(246,6,'HIS001','NOT STARTED'),(247,7,'HIS001','NOT STARTED'),(248,8,'HIS001','NOT STARTED'),(249,9,'HIS001','NOT STARTED'),(250,10,'HIS001','NOT STARTED'),(251,11,'HIS001','NOT STARTED'),(252,12,'HIS001','NOT STARTED'),(253,13,'HIS001','NOT STARTED'),(254,14,'HIS001','NOT STARTED'),(255,15,'HIS001','NOT STARTED'),(256,16,'HIS001','NOT STARTED'),(257,17,'HIS001','NOT STARTED'),(258,18,'HIS001','NOT STARTED'),(259,19,'HIS001','NOT STARTED'),(260,20,'HIS001','NOT STARTED'),(261,1,'HIS002','NOT STARTED'),(262,2,'HIS002','NOT STARTED'),(263,3,'HIS002','NOT STARTED'),(264,4,'HIS002','NOT STARTED'),(265,5,'HIS002','NOT STARTED'),(266,6,'HIS002','NOT STARTED'),(267,7,'HIS002','NOT STARTED'),(268,8,'HIS002','NOT STARTED'),(269,9,'HIS002','NOT STARTED'),(270,10,'HIS002','NOT STARTED'),(271,11,'HIS002','NOT STARTED'),(272,12,'HIS002','NOT STARTED'),(273,13,'HIS002','NOT STARTED'),(274,14,'HIS002','NOT STARTED'),(275,15,'HIS002','NOT STARTED'),(276,16,'HIS002','NOT STARTED'),(277,17,'HIS002','NOT STARTED'),(278,18,'HIS002','NOT STARTED'),(279,19,'HIS002','NOT STARTED'),(280,20,'HIS002','NOT STARTED'),(281,1,'HIS003','NOT STARTED'),(282,2,'HIS003','NOT STARTED'),(283,3,'HIS003','NOT STARTED'),(284,4,'HIS003','NOT STARTED'),(285,5,'HIS003','NOT STARTED'),(286,6,'HIS003','NOT STARTED'),(287,7,'HIS003','NOT STARTED'),(288,8,'HIS003','NOT STARTED'),(289,9,'HIS003','NOT STARTED'),(290,10,'HIS003','NOT STARTED'),(291,11,'HIS003','NOT STARTED'),(292,12,'HIS003','NOT STARTED'),(293,13,'HIS003','NOT STARTED'),(294,14,'HIS003','NOT STARTED'),(295,15,'HIS003','NOT STARTED'),(296,16,'HIS003','NOT STARTED'),(297,17,'HIS003','NOT STARTED'),(298,18,'HIS003','NOT STARTED'),(299,19,'HIS003','NOT STARTED'),(300,20,'HIS003','NOT STARTED');
/*!40000 ALTER TABLE `enrolments` ENABLE KEYS */;
UNLOCK TABLES;

--
-- Table structure for table `users`
--

DROP TABLE IF EXISTS `users`;
/*!40101 SET @saved_cs_client     = @@character_set_client */;
/*!50503 SET character_set_client = utf8mb4 */;
CREATE TABLE `users` (
  `ID` int NOT NULL,
  `FirstName` varchar(45) NOT NULL,
  `Surname` varchar(45) NOT NULL,
  PRIMARY KEY (`ID`)
) ENGINE=InnoDB DEFAULT CHARSET=utf8mb3;
/*!40101 SET character_set_client = @saved_cs_client */;

--
-- Dumping data for table `users`
--

LOCK TABLES `users` WRITE;
/*!40000 ALTER TABLE `users` DISABLE KEYS */;
INSERT INTO `users` VALUES (1,'Gary','Manning'),(2,'Otis','Berry'),(3,'Jocelyn','Carr'),(4,'Wilfrid','Johnson'),(5,'Charlie','Colon'),(6,'Thea','Craig'),(7,'Travis','Harmon'),(8,'Alfie','Morrison'),(9,'Pamela','Fox'),(10,'Rolf','Welch'),(11,'Winona','Hardy'),(12,'Edric','Nash'),(13,'Sandra','Booth'),(14,'Jasper','Porter'),(15,'Margot','Binder'),(16,'Cheryl','Abbott'),(17,'Clifford','Rice'),(18,'Kyla','Swanson'),(19,'Hubert','Jackson'),(20,'Leroy','Francis');
/*!40000 ALTER TABLE `users` ENABLE KEYS */;
UNLOCK TABLES;
/*!40103 SET TIME_ZONE=@OLD_TIME_ZONE */;

/*!40101 SET SQL_MODE=@OLD_SQL_MODE */;
/*!40014 SET FOREIGN_KEY_CHECKS=@OLD_FOREIGN_KEY_CHECKS */;
/*!40014 SET UNIQUE_CHECKS=@OLD_UNIQUE_CHECKS */;
/*!40101 SET CHARACTER_SET_CLIENT=@OLD_CHARACTER_SET_CLIENT */;
/*!40101 SET CHARACTER_SET_RESULTS=@OLD_CHARACTER_SET_RESULTS */;
/*!40101 SET COLLATION_CONNECTION=@OLD_COLLATION_CONNECTION */;
/*!40111 SET SQL_NOTES=@OLD_SQL_NOTES */;

-- Dump completed on 2023-09-18 10:18:22
